<?xml version="1.0" encoding="UTF-8"?>
<project-private xmlns="http://www.netbeans.org/ns/project-private/1">
    <editor-bookmarks xmlns="http://www.netbeans.org/ns/editor-bookmarks/2" lastBookmarkId="0"/>
    <open-files xmlns="http://www.netbeans.org/ns/projectui-open-files/2">
        <group>
            <file>file:/C:/Github/ROC-KARASSANE-Mohamed/20211020_Robot_KARASSANE_hassen_boughdiri/dsPIC33EP512GM306_moteur_KARASSANE_BOUGHADIRI.X/IO.h</file>
            <file>file:/C:/Github/ROC-KARASSANE-Mohamed/20211020_Robot_KARASSANE_hassen_boughdiri/dsPIC33EP512GM306_moteur_KARASSANE_BOUGHADIRI.X/PWM.c</file>
            <file>file:/C:/Github/ROC-KARASSANE-Mohamed/20211020_Robot_KARASSANE_hassen_boughdiri/dsPIC33EP512GM306_moteur_KARASSANE_BOUGHADIRI.X/IO.c</file>
            <file>file:/C:/Github/ROC-KARASSANE-Mohamed/20211020_Robot_KARASSANE_hassen_boughdiri/dsPIC33EP512GM306_moteur_KARASSANE_BOUGHADIRI.X/main.c</file>
            <file>file:/C:/Github/ROC-KARASSANE-Mohamed/20211020_Robot_KARASSANE_hassen_boughdiri/dsPIC33EP512GM306_moteur_KARASSANE_BOUGHADIRI.X/Robot.h</file>
            <file>file:/C:/Github/ROC-KARASSANE-Mohamed/20211020_Robot_KARASSANE_hassen_boughdiri/dsPIC33EP512GM306_moteur_KARASSANE_BOUGHADIRI.X/ADC.c</file>
            <file>file:/C:/Github/ROC-KARASSANE-Mohamed/20211020_Robot_KARASSANE_hassen_boughdiri/dsPIC33EP512GM306_moteur_KARASSANE_BOUGHADIRI.X/Toolbox_H.c</file>
            <file>file:/C:/Github/ROC-KARASSANE-Mohamed/20211020_Robot_KARASSANE_hassen_boughdiri/dsPIC33EP512GM306_moteur_KARASSANE_BOUGHADIRI.X/timer.c</file>
            <file>file:/C:/Github/ROC-KARASSANE-Mohamed/20211020_Robot_KARASSANE_hassen_boughdiri/dsPIC33EP512GM306_moteur_KARASSANE_BOUGHADIRI.X/Robot.c</file>
            <file>file:/C:/Github/ROC-KARASSANE-Mohamed/20211020_Robot_KARASSANE_hassen_boughdiri/dsPIC33EP512GM306_moteur_KARASSANE_BOUGHADIRI.X/ChipConfig.c</file>
            <file>file:/C:/Github/ROC-KARASSANE-Mohamed/20211020_Robot_KARASSANE_hassen_boughdiri/dsPIC33EP512GM306_moteur_KARASSANE_BOUGHADIRI.X/Toolbox.h</file>
            <file>file:/C:/Github/ROC-KARASSANE-Mohamed/20211020_Robot_KARASSANE_hassen_boughdiri/dsPIC33EP512GM306_moteur_KARASSANE_BOUGHADIRI.X/timer.h</file>
            <file>file:/C:/Github/ROC-KARASSANE-Mohamed/20211020_Robot_KARASSANE_hassen_boughdiri/dsPIC33EP512GM306_moteur_KARASSANE_BOUGHADIRI.X/PWM.h</file>
            <file>file:/C:/Github/ROC-KARASSANE-Mohamed/20211020_Robot_KARASSANE_hassen_boughdiri/dsPIC33EP512GM306_moteur_KARASSANE_BOUGHADIRI.X/main.h</file>
            <file>file:/C:/Github/ROC-KARASSANE-Mohamed/20211020_Robot_KARASSANE_hassen_boughdiri/dsPIC33EP512GM306_moteur_KARASSANE_BOUGHADIRI.X/ChipConfig.h</file>
            <file>file:/C:/Github/ROC-KARASSANE-Mohamed/20211020_Robot_KARASSANE_hassen_boughdiri/dsPIC33EP512GM306_moteur_KARASSANE_BOUGHADIRI.X/ADC.h</file>
        </group>
    </open-files>
</project-private>
